SampleID	Tissue	Genotype	Treatment	group	replicate	control	paired	r0	r1	r2
BN1	leaf	B73	control		1		PE		/home/springer/zhoux379/projects/s3/zhoup-barn/zm.ca20a/191230_A00223_0294_BHGH7NDRXX/BN1A_S1_R1_001.fastq.gz	/home/springer/zhoux379/projects/s3/zhoup-barn/zm.ca20a/191230_A00223_0294_BHGH7NDRXX/BN1A_S1_R2_001.fastq.gz
BN2	leaf	B73	control		2		PE		/home/springer/zhoux379/projects/s3/zhoup-barn/zm.ca20a/191230_A00223_0294_BHGH7NDRXX/BN2A_S2_R1_001.fastq.gz	/home/springer/zhoux379/projects/s3/zhoup-barn/zm.ca20a/191230_A00223_0294_BHGH7NDRXX/BN2A_S2_R2_001.fastq.gz
MN1	leaf	Mo17	control		1		PE		/home/springer/zhoux379/projects/s3/zhoup-barn/zm.ca20a/191230_A00223_0294_BHGH7NDRXX/MN1A_S3_R1_001.fastq.gz	/home/springer/zhoux379/projects/s3/zhoup-barn/zm.ca20a/191230_A00223_0294_BHGH7NDRXX/MN1A_S3_R2_001.fastq.gz
MN2	leaf	Mo17	control		2		PE		/home/springer/zhoux379/projects/s3/zhoup-barn/zm.ca20a/191230_A00223_0294_BHGH7NDRXX/MN2A_S4_R1_001.fastq.gz	/home/springer/zhoux379/projects/s3/zhoup-barn/zm.ca20a/191230_A00223_0294_BHGH7NDRXX/MN2A_S4_R2_001.fastq.gz
ON1	leaf	Oh43	control		1		PE		/home/springer/zhoux379/projects/s3/zhoup-barn/zm.ca20a/191230_A00223_0294_BHGH7NDRXX/ON1A_S5_R1_001.fastq.gz	/home/springer/zhoux379/projects/s3/zhoup-barn/zm.ca20a/191230_A00223_0294_BHGH7NDRXX/ON1A_S5_R2_001.fastq.gz
ON2	leaf	Oh43	control		2		PE		/home/springer/zhoux379/projects/s3/zhoup-barn/zm.ca20a/191230_A00223_0294_BHGH7NDRXX/ON2A_S6_R1_001.fastq.gz	/home/springer/zhoux379/projects/s3/zhoup-barn/zm.ca20a/191230_A00223_0294_BHGH7NDRXX/ON2A_S6_R2_001.fastq.gz
WN1	leaf	W22	control		1		PE		/home/springer/zhoux379/projects/s3/zhoup-barn/zm.ca20a/191230_A00223_0294_BHGH7NDRXX/WN1A_S7_R1_001.fastq.gz	/home/springer/zhoux379/projects/s3/zhoup-barn/zm.ca20a/191230_A00223_0294_BHGH7NDRXX/WN1A_S7_R2_001.fastq.gz
WN2	leaf	W22	control		2		PE		/home/springer/zhoux379/projects/s3/zhoup-barn/zm.ca20a/191230_A00223_0294_BHGH7NDRXX/WN2A_S8_R1_001.fastq.gz	/home/springer/zhoux379/projects/s3/zhoup-barn/zm.ca20a/191230_A00223_0294_BHGH7NDRXX/WN2A_S8_R2_001.fastq.gz
BN1a	leaf	B73	control		1		PE		/home/springer/zhoux379/projects/s3/zhoup-barn/zm.ca20a/200213_A00223_0321_AHJM7JDRXX/BN1A_S1_R1_001.fastq.gz	/home/springer/zhoux379/projects/s3/zhoup-barn/zm.ca20a/200213_A00223_0321_AHJM7JDRXX/BN1A_S1_R2_001.fastq.gz
BN2a	leaf	B73	control		2		PE		/home/springer/zhoux379/projects/s3/zhoup-barn/zm.ca20a/200213_A00223_0321_AHJM7JDRXX/BN2A_S2_R1_001.fastq.gz	/home/springer/zhoux379/projects/s3/zhoup-barn/zm.ca20a/200213_A00223_0321_AHJM7JDRXX/BN2A_S2_R2_001.fastq.gz
MN1a	leaf	Mo17	control		1		PE		/home/springer/zhoux379/projects/s3/zhoup-barn/zm.ca20a/200213_A00223_0321_AHJM7JDRXX/MN1A_S3_R1_001.fastq.gz	/home/springer/zhoux379/projects/s3/zhoup-barn/zm.ca20a/200213_A00223_0321_AHJM7JDRXX/MN1A_S3_R2_001.fastq.gz
MN2a	leaf	Mo17	control		2		PE		/home/springer/zhoux379/projects/s3/zhoup-barn/zm.ca20a/200213_A00223_0321_AHJM7JDRXX/MN2A_S4_R1_001.fastq.gz	/home/springer/zhoux379/projects/s3/zhoup-barn/zm.ca20a/200213_A00223_0321_AHJM7JDRXX/MN2A_S4_R2_001.fastq.gz
ON1a	leaf	Oh43	control		1		PE		/home/springer/zhoux379/projects/s3/zhoup-barn/zm.ca20a/200213_A00223_0321_AHJM7JDRXX/ON1A_S5_R1_001.fastq.gz	/home/springer/zhoux379/projects/s3/zhoup-barn/zm.ca20a/200213_A00223_0321_AHJM7JDRXX/ON1A_S5_R2_001.fastq.gz
ON2a	leaf	Oh43	control		2		PE		/home/springer/zhoux379/projects/s3/zhoup-barn/zm.ca20a/200213_A00223_0321_AHJM7JDRXX/ON2A_S6_R1_001.fastq.gz	/home/springer/zhoux379/projects/s3/zhoup-barn/zm.ca20a/200213_A00223_0321_AHJM7JDRXX/ON2A_S6_R2_001.fastq.gz
WN1a	leaf	W22	control		1		PE		/home/springer/zhoux379/projects/s3/zhoup-barn/zm.ca20a/200213_A00223_0321_AHJM7JDRXX/WN1A_S7_R1_001.fastq.gz	/home/springer/zhoux379/projects/s3/zhoup-barn/zm.ca20a/200213_A00223_0321_AHJM7JDRXX/WN1A_S7_R2_001.fastq.gz
WN2a	leaf	W22	control		2		PE		/home/springer/zhoux379/projects/s3/zhoup-barn/zm.ca20a/200213_A00223_0321_AHJM7JDRXX/WN2A_S8_R1_001.fastq.gz	/home/springer/zhoux379/projects/s3/zhoup-barn/zm.ca20a/200213_A00223_0321_AHJM7JDRXX/WN2A_S8_R2_001.fastq.gz
BH4	leaf	B73	heat		1		PE		/home/springer/zhoux379/projects/s3/zhoup-barn/zm.ca20a/200317_A00223_0340_BHKJYNDRXX/BH4A_S1_R1_001.fastq.gz	/home/springer/zhoux379/projects/s3/zhoup-barn/zm.ca20a/200317_A00223_0340_BHKJYNDRXX/BH4A_S1_R2_001.fastq.gz
BH5	leaf	B73	heat		2		PE		/home/springer/zhoux379/projects/s3/zhoup-barn/zm.ca20a/200317_A00223_0340_BHKJYNDRXX/BH5A_S2_R1_001.fastq.gz	/home/springer/zhoux379/projects/s3/zhoup-barn/zm.ca20a/200317_A00223_0340_BHKJYNDRXX/BH5A_S2_R2_001.fastq.gz
MH4	leaf	Mo17	heat		1		PE		/home/springer/zhoux379/projects/s3/zhoup-barn/zm.ca20a/200317_A00223_0340_BHKJYNDRXX/MH4A_S3_R1_001.fastq.gz	/home/springer/zhoux379/projects/s3/zhoup-barn/zm.ca20a/200317_A00223_0340_BHKJYNDRXX/MH4A_S3_R2_001.fastq.gz
MH5	leaf	Mo17	heat		2		PE		/home/springer/zhoux379/projects/s3/zhoup-barn/zm.ca20a/200317_A00223_0340_BHKJYNDRXX/MH5A_S4_R1_001.fastq.gz	/home/springer/zhoux379/projects/s3/zhoup-barn/zm.ca20a/200317_A00223_0340_BHKJYNDRXX/MH5A_S4_R2_001.fastq.gz
OH1	leaf	Oh43	heat		1		PE		/home/springer/zhoux379/projects/s3/zhoup-barn/zm.ca20a/200317_A00223_0340_BHKJYNDRXX/OH1A_S5_R1_001.fastq.gz	/home/springer/zhoux379/projects/s3/zhoup-barn/zm.ca20a/200317_A00223_0340_BHKJYNDRXX/OH1A_S5_R2_001.fastq.gz
OH5	leaf	Oh43	heat		2		PE		/home/springer/zhoux379/projects/s3/zhoup-barn/zm.ca20a/200317_A00223_0340_BHKJYNDRXX/OH5A_S6_R1_001.fastq.gz	/home/springer/zhoux379/projects/s3/zhoup-barn/zm.ca20a/200317_A00223_0340_BHKJYNDRXX/OH5A_S6_R2_001.fastq.gz
WH4	leaf	W22	heat		1		PE		/home/springer/zhoux379/projects/s3/zhoup-barn/zm.ca20a/200317_A00223_0340_BHKJYNDRXX/WH4A_S7_R1_001.fastq.gz	/home/springer/zhoux379/projects/s3/zhoup-barn/zm.ca20a/200317_A00223_0340_BHKJYNDRXX/WH4A_S7_R2_001.fastq.gz
WH5	leaf	W22	heat		2		PE		/home/springer/zhoux379/projects/s3/zhoup-barn/zm.ca20a/200317_A00223_0340_BHKJYNDRXX/WH5A_S8_R1_001.fastq.gz	/home/springer/zhoux379/projects/s3/zhoup-barn/zm.ca20a/200317_A00223_0340_BHKJYNDRXX/WH5A_S8_R2_001.fastq.gz
BC4	leaf	B73	cold		1		PE		/home/springer/zhoux379/projects/s3/zhoup-barn/zm.ca20a/200317_A00223_0340_BHKJYNDRXXb/BC4A_S12_R1_001.fastq.gz	/home/springer/zhoux379/projects/s3/zhoup-barn/zm.ca20a/200317_A00223_0340_BHKJYNDRXXb/BC4A_S12_R2_001.fastq.gz
BC5	leaf	B73	cold		2		PE		/home/springer/zhoux379/projects/s3/zhoup-barn/zm.ca20a/200317_A00223_0340_BHKJYNDRXXb/BC5A_S13_R1_001.fastq.gz	/home/springer/zhoux379/projects/s3/zhoup-barn/zm.ca20a/200317_A00223_0340_BHKJYNDRXXb/BC5A_S13_R2_001.fastq.gz
MC1	leaf	Mo17	cold		1		PE		/home/springer/zhoux379/projects/s3/zhoup-barn/zm.ca20a/200317_A00223_0340_BHKJYNDRXXb/MC1A_S9_R1_001.fastq.gz	/home/springer/zhoux379/projects/s3/zhoup-barn/zm.ca20a/200317_A00223_0340_BHKJYNDRXXb/MC1A_S9_R2_001.fastq.gz
MC5	leaf	Mo17	cold		2		PE		/home/springer/zhoux379/projects/s3/zhoup-barn/zm.ca20a/200317_A00223_0340_BHKJYNDRXXb/MC5A_S14_R1_001.fastq.gz	/home/springer/zhoux379/projects/s3/zhoup-barn/zm.ca20a/200317_A00223_0340_BHKJYNDRXXb/MC5A_S14_R2_001.fastq.gz
OC2	leaf	Oh43	cold		1		PE		/home/springer/zhoux379/projects/s3/zhoup-barn/zm.ca20a/200317_A00223_0340_BHKJYNDRXXb/OC2A_S11_R1_001.fastq.gz	/home/springer/zhoux379/projects/s3/zhoup-barn/zm.ca20a/200317_A00223_0340_BHKJYNDRXXb/OC2A_S11_R2_001.fastq.gz
OC5	leaf	Oh43	cold		2		PE		/home/springer/zhoux379/projects/s3/zhoup-barn/zm.ca20a/200317_A00223_0340_BHKJYNDRXXb/OC5A_S15_R1_001.fastq.gz	/home/springer/zhoux379/projects/s3/zhoup-barn/zm.ca20a/200317_A00223_0340_BHKJYNDRXXb/OC5A_S15_R2_001.fastq.gz
WC1	leaf	W22	cold		1		PE		/home/springer/zhoux379/projects/s3/zhoup-barn/zm.ca20a/200317_A00223_0340_BHKJYNDRXXb/WC1A_S10_R1_001.fastq.gz	/home/springer/zhoux379/projects/s3/zhoup-barn/zm.ca20a/200317_A00223_0340_BHKJYNDRXXb/WC1A_S10_R2_001.fastq.gz
WC5	leaf	W22	cold		2		PE		/home/springer/zhoux379/projects/s3/zhoup-barn/zm.ca20a/200317_A00223_0340_BHKJYNDRXXb/WC5A_S16_R1_001.fastq.gz	/home/springer/zhoux379/projects/s3/zhoup-barn/zm.ca20a/200317_A00223_0340_BHKJYNDRXXb/WC5A_S16_R2_001.fastq.gz
